cid,name,dob,country,gender,address,email
36c5fbe6-7888-4318-ae3b-3dc9ecd47055,Zachary Anderson,1985-11-23,Brunei Darussalam,Female,5337 Darryl Mountains Suite 395,erinnorton@example.net
f4397fa7-785e-4d34-b1e0-462326fc9b70,Devon Collins,1973-01-08,Hungary,Male,05741 Megan Locks,guyjohnson@example.net
3d536020-eea5-4843-9d13-458cd3eec83b,Christopher Henry,1993-06-27,Djibouti,Other,784 Jaime Ways Apt. 081,dingram@example.com
fd6f3dbe-8835-4b35-8957-07c5fdb5605b,Sarah Burns,1991-12-18,Honduras,Other,884 Gregory Courts Suite 250,clarkmichelle@example.com
7b69be90-f237-483b-a5df-ac1df9b133c6,Martin Hoffman,1980-12-09,Norway,Female,1574 Morris Greens,markschristina@example.net
040489bd-d5b2-42c6-9087-74acf57ebf26,Andrew Duffy,1986-03-12,Egypt,Other,87146 Jordan Course,jennifer87@example.org
1d2cdcbb-3c40-4611-bbf0-16dcf82dab69,Heidi White,1965-03-23,Venezuela,Other,76269 Thomas Hollow,linda05@example.net
3c848964-ba7d-459d-b45f-8888564f2104,Teresa Taylor,1979-01-28,Uganda,Male,20653 Kimberly Island,swheeler@example.org
24c420b5-80b7-4aeb-9dec-17f3d63ef2af,Eric York,1977-04-06,Anguilla,Male,039 Callahan Course,gonzalezkristen@example.org
42e3ce28-73a3-40fd-9acf-dd5cabf59ea4,Christopher Mcbride,1966-01-20,French Southern Territories,Male,4115 Joseph Forest Suite 390,xcampbell@example.org
d7c40da5-4e8b-4110-965f-2bca9591797a,Michael Johnson,1960-08-25,Mozambique,Female,60065 Underwood Lakes Suite 243,qsanchez@example.org
53950cb2-c659-4d32-8164-91258408e39a,Scott Anderson,1958-07-16,Cuba,Male,7593 Downs Road Suite 586,sosaamy@example.com
b76902df-c08d-480f-96d5-ffe9fd73d736,Heather Hall,1962-01-25,Bulgaria,Female,121 Phillips Junction,bobby08@example.net
91f09047-556c-485e-9721-1e90dd9d1e33,Christy Elliott,1982-11-19,Barbados,Female,5476 Megan Hollow,pbarajas@example.org
a8a6f1fe-d244-4b7c-920b-995d4e36df97,Kevin Nelson,1963-05-08,Bhutan,Male,722 Timothy Divide,veronicawilliams@example.net
6fb8c69a-2a76-48cb-8741-c9740d61d5b5,Margaret Young,1988-05-03,Christmas Island,Female,81236 Rice Forges Apt. 409,abond@example.net
275be3cf-432c-467c-8396-36244f6feec2,Wendy Nash,1957-09-20,Wallis and Futuna,Female,7575 Patrick Drive,gary66@example.org
7e113f09-7dc2-481b-8498-fa804ce7991c,Jeremy Turner,1964-12-11,San Marino,Male,170 Joseph Curve,burtonkeith@example.net
673958ba-f189-4690-826a-c16937c906cf,John Allison,2007-11-06,Heard Island and McDonald Islands,Female,955 Alison Extension Suite 702,christopherstuart@example.com
1ec8c5df-d31b-43d0-83c6-4f3c0cf9681b,Brian Sampson,1979-02-16,Bangladesh,Male,34187 Alexander Passage,christopher20@example.net
0af925b0-0c4c-49fb-81bb-2cf428974622,Justin Bailey IV,2001-08-16,Moldova,Male,9818 Hill View Suite 994,parkswilliam@example.net
01fc9a39-c097-4e1d-b4e2-ece7630730cf,Jordan Brock,1974-06-16,Myanmar,Female,1867 Howell Union Suite 708,jonathanrodgers@example.net
f5d667f8-bfc4-4dc8-8b3c-85bbd987505d,Pamela Andrade,1997-06-12,Suriname,Male,2266 Jay Track,taylor30@example.org
0e72ccbc-2198-40f9-84aa-ab46e392a72b,Jim Reese,1987-07-30,Dominican Republic,Female,47093 Barry Pass,jason66@example.org
47f8649e-49aa-4255-8f6b-a441a73ceb5b,Emily White,1960-12-17,Martinique,Other,178 Wilkins Camp,vellison@example.org
3c2f7da7-70ba-481f-b964-8803eb0f62c4,Christopher Murphy,1991-02-10,Saint Pierre and Miquelon,Male,839 Sara Unions Apt. 611,hernandezbenjamin@example.net
4f12a6e7-91cc-4ece-8130-ad4a7f826601,Dr. Jillian Chen DDS,1973-04-01,Burkina Faso,Other,2673 Todd Viaduct Apt. 394,lisawilliams@example.org
17089653-1e01-4bd1-81ad-4f563be1c365,Melissa Frank,1970-03-03,Yemen,Female,454 Kristine Track,nealkatherine@example.org
163823cb-f524-4a40-9f6a-b106ba0bdafe,Jeremy Garcia,1977-11-17,Benin,Female,6748 Thompson Ridge Suite 872,cflores@example.com
615249c2-2c6e-4b8d-90db-003ed1056770,Karla Miller,1980-05-08,Uruguay,Other,3848 Decker Pine Apt. 569,aarongregory@example.org
c7a916e9-7c2a-407d-9802-6db2541fc5f5,Timothy Ramsey,2003-07-05,Colombia,Female,4465 Jones Wall Apt. 320,jennifer20@example.org
5d449f43-0cfa-4fa4-a27f-30d89dd5ca4f,Kaitlin Harris,1961-03-29,Paraguay,Female,2004 Timothy Fields,blakejoshua@example.net
8ace2d4c-7474-4e26-8765-ce8ef2feeeb4,Tracy Castillo MD,1987-12-05,Czech Republic,Other,89055 Newman Squares,rwhite@example.org
