oid,cid,pid,quantity,order_date
27b5c88d-75af-41be-9e0c-9af9167668e5,4110c73f-7a1d-4d1a-960d-b39c414d7eae,0ca2f974-348b-44c6-ba7f-1b882cc8c491,4,2026-03-10T01:48:24.537079
98780c62-4c2d-41be-b467-b0aabf5c712b,c2e22a72-e623-42d2-bb7b-69d96716359a,85d7ebfc-0511-4c74-a39c-14f6c6d8eb25,1,2026-03-10T20:23:17.114453
09c8c5e2-04f4-437b-af9c-4a56b6c51384,3c1e08ba-e57b-462a-8cf7-c10522d7b589,93c7832a-c95e-40ad-8307-b12a4fc77bec,2,2026-03-10T07:30:13.472097
0873226c-245e-46b5-8bef-71d107352474,786a4ebb-956d-4a25-8acb-441732e986cd,9feb0728-2ad2-40db-aa47-e509d31b01c6,1,2026-03-10T11:31:54.187290
87330426-24cd-4c76-b083-339fcbe59615,5e1eaf8b-17c5-4f9b-8717-175177706c32,4eb5ae81-4f65-4999-87c4-5651f067df83,5,2026-03-10T17:52:53.936387
c4109a67-93ba-4993-8323-2d93a80b32a9,12304f3a-a18d-49a3-b8c0-5c5460fa2e31,df8ce54c-552f-4427-b486-1e64cda0f898,2,2026-03-10T04:56:20.113987
f3bbfbf6-4d01-42c1-a59c-33c954037339,cc2af3a7-f3c8-4c65-b927-e94d061e64cc,828465c9-b6cf-49c6-a7dd-2c3b7568f912,5,2026-03-10T12:38:23.219559
a431cc4a-64e6-4f5c-868c-d91759911411,3c1e08ba-e57b-462a-8cf7-c10522d7b589,7887be0f-4f11-4d83-aa5b-35d2571d0f78,5,2026-03-10T14:57:03.472433
1f7ccf2d-40ab-4876-81ab-9cbe860d9d05,12967865-8fc9-457f-a6c6-c7f03f18befa,c4e7d6b4-499f-48a5-835c-ed5a895fd869,4,2026-03-10T09:05:28.294546
d416dd39-667c-4a3a-920f-311999e289ff,87498145-b9a9-43f2-9180-8668f5148c9b,97992857-0797-40b1-8c91-79d3b2e0b77c,5,2026-03-10T04:19:59.629143
c281367a-ee3d-473c-b85a-0e822cef597b,5f8e9d0f-1262-41fd-822a-ef6dfa2dc151,7a8c7997-f608-48fa-99a6-982f6c189964,4,2026-03-10T03:05:14.435005
b1dbb46c-9b56-4e78-8a32-49866a63e7c5,4157ab52-a1a2-4222-b6b3-342c6e20e88a,766c7471-9b8e-47b1-8686-2eb23397fa75,1,2026-03-10T02:18:20.181731
03b97644-a28c-466b-a743-bb4a4df9ef79,5ae9baa5-5e15-4fef-a943-35264947c29c,10171e4a-165f-4522-af7e-a5030eae54aa,2,2026-03-10T00:13:36.567953
2b8851a0-3567-409d-af99-43fb0b5b77ba,1ae84c88-9e50-4cc9-9bfd-4b33e6005d54,49e861bb-77d6-4ac1-9106-3c2eb911b42d,4,2026-03-10T19:08:34.668990
71a2e6c5-a015-43b9-b4e4-7daeea0ac683,7f7c408a-1d65-45be-b6c6-631020dbabaf,ac31f5c9-dbea-4a4e-b54e-d8baeae2b6e2,5,2026-03-10T05:45:09.948022
3757ac85-e5c4-4b54-8522-5dd225b9862b,2ba9b88a-0a3e-4710-8f36-c0c5e3d78c70,2f5273f0-be92-4133-8ae7-b8c7c8e49df9,2,2026-03-10T01:25:03.723153
614fab65-5e79-4aec-b08d-433f31cd4a91,6d7c9765-e19d-4c04-893a-4bcfbabd6e1d,8cf3670e-4ea3-4d14-977b-14c26199ad34,4,2026-03-10T16:14:25.234051
1d4c64d3-27eb-4bf5-abe8-97bad7cd4428,4110c73f-7a1d-4d1a-960d-b39c414d7eae,adaaaa41-3d40-4447-8fd8-7e329038c744,2,2026-03-10T13:59:34.771775
eaf4eaf5-8eb7-439b-81a0-38b77a10778d,e2cb125c-ec39-4578-99a0-d626b4f2ddab,fba2f1f2-b8df-49b5-b058-874049ba073f,2,2026-03-10T05:05:20.892447
cd6af316-fda5-4960-9ec6-f387e050835a,e5f6a95b-8da5-4d04-8ff6-4c2bdf88ba61,2cf155aa-08ef-41c6-a0e1-3e42924caac6,2,2026-03-10T05:45:05.722463
f6b1ca79-505e-4c0c-bc97-22cc464bb828,5e8df14a-ff04-49e7-be0b-4bf69de7ada5,70741670-0f1a-4e10-8237-08f5c5229dc4,5,2026-03-10T13:30:21.003646
8c6e4352-81fc-4081-8c1b-f32fd6b7cd6f,1bee4a3a-451f-4a8a-8d27-13f10037b991,72be92a8-8810-4844-b255-2a9d721cc48c,3,2026-03-10T15:30:44.657508
9f122861-20c2-42e8-acda-63bed425681d,976ff6bf-12bf-405f-96a2-c475deb89f4b,0126805b-f348-40ff-b14d-608cd49e49ae,2,2026-03-10T14:35:31.091566
fc7a229a-d064-4f26-b3fc-4f2fe77e6468,c93e8bf7-d186-46cc-a7dc-26e4e61c3b2c,30f7f89d-4856-4c66-b60b-0f14ac9d16ff,3,2026-03-10T15:15:24.437521
6dbc32da-3003-45cc-b542-ab5c1191981e,616ba327-2a7a-495d-b2f1-87d0cbc43197,85d7ebfc-0511-4c74-a39c-14f6c6d8eb25,5,2026-03-10T19:02:03.300985
eda6ab49-2bae-4b95-8724-1b8ca907443a,62823652-8162-40ad-8c55-c22dc1d750fd,4941f9d5-814b-46bf-bc96-95237db92f11,1,2026-03-10T15:53:10.576507
42c9727a-23f7-42e6-9c01-4bf1850f7552,27a07682-1592-4611-9d44-884337f81d66,3cd51099-a556-4087-9650-0410ca649717,5,2026-03-10T19:44:56.076406
939bc295-bc1a-4b92-88c9-b015ebfc0da5,0d53d9a2-dbe0-43bc-88c8-acaa47b79e3b,4a305f7e-8397-465c-8939-3880c01dca79,3,2026-03-10T15:42:45.837023
31a25940-1929-484f-a59a-129819b60efb,5e8df14a-ff04-49e7-be0b-4bf69de7ada5,01ab5c7e-176c-4863-ac56-f7d4a68daba2,4,2026-03-10T02:48:22.666268
c4e28ff9-3299-4151-8aab-f25a98a64884,34b9318c-4ae7-4e56-81f3-66310d1055e4,8da4d030-4eb1-4487-b985-17dccde7a1d3,1,2026-03-10T10:39:15.098301
0f9b071f-cdc4-479f-b450-68614105ebee,4a4596d8-1546-43c5-a56c-c96336d15773,91261e86-9086-45c6-a826-ac21d6dc0bcf,2,2026-03-10T23:50:35.505910
f70d8f02-689c-40d9-8641-56648d94b007,cd7b71b7-d906-4d42-80a2-f4ebcda6429e,5cd77caa-7e35-4373-aa09-95ba266060bb,2,2026-03-10T01:34:25.561219
386681be-52c3-4b1b-afba-3f021eb9abfe,288ca8c4-d0f5-4fc3-b94d-dc5573b8ff87,12354beb-819b-4a45-b2c0-7d2e34c45834,1,2026-03-10T08:39:27.826289
06482f64-2157-4a0d-855b-e2193317c395,288ca8c4-d0f5-4fc3-b94d-dc5573b8ff87,954ad64b-dce5-4850-ace9-477f41ebe52f,2,2026-03-10T23:54:24.787207
e42f6577-0595-40ea-b5b0-a2b619d5ed11,288ca8c4-d0f5-4fc3-b94d-dc5573b8ff87,72f58321-2bae-45c4-b60a-b491bbc58619,4,2026-03-10T03:01:01.729132
0e477683-d0e6-43ae-8ffe-cde1d79a587b,4cc9118a-2231-47f1-810e-00b8faef1be1,f9ff446d-25b2-485b-af96-c436e994da6f,1,2026-03-10T01:36:07.716912
3c185f93-b51e-4ef9-8833-fa32a81f8310,6fe245ee-9a94-47c2-adce-dc320e6a1f6e,720115f8-818d-4238-9782-fc09ee27e7f9,1,2026-03-10T23:51:10.873557
432dca9f-6c35-445d-8497-d2feb3f122f0,1ae84c88-9e50-4cc9-9bfd-4b33e6005d54,3e90b6f6-cbd0-4c92-b122-aa4ef779598c,3,2026-03-10T21:50:38.447374
505fcb4a-aa64-4d7a-b243-586f144904c7,5e176f13-0f98-49fa-8bdc-71244b2a3a70,abd0b863-13f8-4a7b-a7c0-8250aa85224c,2,2026-03-10T01:15:15.954016
cce3ab50-5400-4b4b-aa06-8988736166d8,6485cd31-5b79-4aea-a577-7da71e99dfcf,c4bbd08e-abb3-4426-9fe8-f5fa9e6ef2d3,4,2026-03-10T10:22:31.130642
73e490aa-30dd-4d34-9b47-0175968df40a,7f7c408a-1d65-45be-b6c6-631020dbabaf,6e15b4c5-c005-4003-90c9-d200cfd34124,4,2026-03-10T05:06:14.269389
fb169e54-a686-4f91-9844-e45a1d85233a,48e502c3-3017-4ea8-9626-77316fab7582,3e90b6f6-cbd0-4c92-b122-aa4ef779598c,1,2026-03-10T04:24:27.497362
69abd227-59fc-4c01-90ff-b09d6ae80657,55f8db4c-3ea3-44fb-90fc-a2852cbc90a5,fa7a2987-0329-40ca-8748-a9f9dde48c64,2,2026-03-10T14:50:44.009695
db6b8c09-c66e-486d-9558-391febaf82cf,55f8db4c-3ea3-44fb-90fc-a2852cbc90a5,8758dd37-059c-4323-9dcb-91d07184ea2f,2,2026-03-10T08:48:46.878456
fce34ec8-6513-4b73-b76a-0001f636aa73,c03ebd85-4a73-4c51-992e-678729fd8fcf,49875ea6-bd59-4e86-a6b3-929f152c3ff9,4,2026-03-10T08:07:06.690254
6b83b9c1-018d-4ea0-a7e4-5b94f1194ca7,feabc0ad-c77a-4890-80c9-88bcfd29e92f,2607cbb0-9f86-41ee-a815-621bc24237b2,2,2026-03-10T22:18:56.805068
7a1aeebe-aca4-4825-8e41-5b99c3916c58,823d78fd-73dc-4f0a-abdf-42328bcc4c45,b11b5cd2-dd43-496b-9b96-f49cec3dc297,2,2026-03-10T23:38:02.008542
9a4b210c-7d9c-436f-8125-b814e45415ac,1c90fae3-15af-45c2-9e1f-a637c7211bc2,f876c30f-4c1b-4a6b-bb0f-a3c43a58e22c,4,2026-03-10T19:31:30.940590
347231bb-773e-41c0-b267-8ff90ad5ff29,823d78fd-73dc-4f0a-abdf-42328bcc4c45,d9cb3f2b-d74c-4c52-b3ff-b5c9925a207d,5,2026-03-10T16:26:22.559686
6d89a2b1-a270-4dca-93b5-24f064229970,c287b283-436e-445a-b695-8b2217944071,e5ab3d83-48c5-43d6-bffa-e1c1951a39ac,1,2026-03-10T05:35:23.818109
1572ea40-7d9a-4894-be00-8b96c8d3cd8a,ae1e9f91-ef2a-4b83-9450-c56990879736,db19f622-b8f7-45f6-9cf6-57ee58899662,5,2026-03-10T09:38:11.248451
7c50d68b-4571-4fb6-8879-936256582140,1b026159-58e2-4928-ac39-cc3b37953da1,c018d0f8-4ad1-441c-bf2d-317b77d67f2e,4,2026-03-10T23:29:26.213569
26585fbc-4ba9-495b-9b0b-ae6efc14dd79,e8b9336e-b7ce-4ce4-94bc-9f682da3ef98,ce4ffcb0-0eea-447e-adfe-0017ae79b53b,2,2026-03-10T00:56:16.959621
9b93c6d2-7b1c-45ef-a40a-2041b247a732,8414c74a-91a9-4b6d-8de8-734bbbea06c4,55a19fd0-a499-47b2-8869-c84f47633e2e,5,2026-03-10T06:26:35.704696
82e411c4-cfcb-444a-ab97-c1c6a18503d6,8d5e1b11-6f53-4b23-afbe-80bb9473b2e7,ccef635b-27d9-4e84-8c0f-f98c50a9f869,1,2026-03-10T19:26:31.258632
03cdf9ea-a391-49b1-8f36-8b0f4a9fdc87,a716c33c-ea62-4f69-942b-3721d6e761ad,86682c0f-7764-4d0b-a692-af5b409eeb61,5,2026-03-10T23:35:35.703016
5433d386-df9f-45db-b449-6decc87c555f,dc2a16e3-224e-4c0f-b8af-4f97eb8edee4,9cdedc58-4559-424b-83e5-c29213408b66,3,2026-03-10T10:08:00.622208
bda170bb-5442-42d4-92ca-f97bc08f4712,432b3671-b51a-464b-b491-32b6a455803e,55a19fd0-a499-47b2-8869-c84f47633e2e,5,2026-03-10T14:51:59.255640
73d9e098-8fa9-4108-bbcb-f1c3349f9a0d,87498145-b9a9-43f2-9180-8668f5148c9b,67f37663-eadb-42ec-88b7-de55130f9f7c,1,2026-03-10T08:06:58.951671
78f45677-e784-42a2-a28c-936f8a359414,81ce65f6-be2e-4f32-9240-bd5528a49050,d5519c6e-81e5-47e7-9582-55c62800ce04,1,2026-03-10T21:22:24.471558
898e0276-1655-486f-b4db-c324d149725f,8414c74a-91a9-4b6d-8de8-734bbbea06c4,5eefd9c2-6669-4c1d-8fac-f1b5ddec4ff8,1,2026-03-10T07:29:35.894423
e6ac0fb4-a0f1-4d31-a33c-62ac3a890391,87498145-b9a9-43f2-9180-8668f5148c9b,fc1dbeac-1c70-479b-81a0-1f167c9d677d,3,2026-03-10T01:43:31.644095
80b7fab9-f2f1-417f-83ee-d89960a30c79,62823652-8162-40ad-8c55-c22dc1d750fd,25f14336-ffdd-442b-bdbe-4811a51f17df,4,2026-03-10T17:54:20.065448
f84c08ec-19ac-45d2-8d38-7fcd64ed9d7b,5518894d-264f-452d-ba60-366e6ff29594,de87c245-d31a-4dd5-bf5f-96119c47c615,5,2026-03-10T17:43:53.248057
5bc5c837-b18f-45b0-8cdb-79786c224080,81ce65f6-be2e-4f32-9240-bd5528a49050,fd04df6e-bd4f-4f23-92e4-f3ff49663d07,1,2026-03-10T13:59:36.575012
22fc85a8-4219-46a0-ae98-d3e495b022d4,7a5fd8d9-2bdf-45b8-ba08-75e11dea1f3e,0f7817ce-85dd-4975-a1cd-881b984a73bc,2,2026-03-10T10:58:24.896324
2fe26b89-4d41-4758-a1c2-3ac068ef5918,3a74397d-d4a5-4d04-b202-cc332d8f455a,403bef35-26e3-4c28-b844-c70f64d45985,2,2026-03-10T22:16:27.044076
0c1bc995-b2cc-4172-baf6-25a69680693d,0abd6cde-fd6a-4266-af88-f39a5615bf08,e6c595db-df59-4c2c-bab6-eff6a5889be4,5,2026-03-10T04:57:13.210879
bf9ae87b-e84b-4722-9387-5bf78e1b1532,eb493e5e-9462-471a-a16a-2560d35b9349,ae108501-e2be-4192-9353-e3cb80608b74,2,2026-03-10T00:25:37.522456
8093a719-9b9b-4deb-bbb0-3606eddd1a8d,d81b268e-24e0-426d-b948-b8061ea1c3ec,a520e3b7-ffb7-464a-8274-6a4415534faa,4,2026-03-10T13:46:58.826899
df149332-43f4-484a-bd24-52aa0679a825,965263f0-e53f-4d96-823b-7a6cf63f7ad5,4d1fa795-5fe5-41fa-86e0-dfffa1831f0d,3,2026-03-10T11:45:31.890709
7d3aa941-9f32-4544-b135-b1d075120407,179ce864-5f41-4962-8046-1b0270e0abae,8450d001-ecd3-40b4-ae15-5932c38853a5,1,2026-03-10T15:24:07.836330
9fc34027-9c5c-4d35-96e6-f84be27e5479,83f06635-c9d8-4e5c-945f-105f25e0bcc5,da0831c1-4829-44ff-8af5-559578eff7ca,3,2026-03-10T09:40:45.319593
cfad249d-1c38-4adb-badc-800843222c92,29fc5eb4-c0df-4f57-ba60-d4ec32c80088,de3ce490-0f36-43d1-835d-f4cb8e1f2083,2,2026-03-10T08:53:45.694497
2a384e3c-58e4-4c22-a0db-b9ae5132ae88,52bea73a-06c3-4124-8046-1b95e719dc8c,23e8ee4b-3a82-43aa-a084-238bb9cbd562,1,2026-03-10T18:46:29.448209
4d667f0c-e24f-4d54-be45-fe7c04fcd86f,b2002ede-1ece-4665-a654-3659123693ed,72c69557-64f6-4a81-bc09-434bdec0861a,2,2026-03-10T18:42:49.656297
45153912-40e1-4ac8-b262-e855ccf9c709,d2197cfb-5c8f-4963-b243-f64f6f1a9ce4,6537a106-1d00-48b7-85cc-9cafc39d1cd7,2,2026-03-10T09:46:54.766840
3e8dd2b3-b933-4c70-a26e-0c06e5358bf6,179ce864-5f41-4962-8046-1b0270e0abae,ae9e2e5f-4e0e-44b5-9ece-6f554b40fd7e,2,2026-03-10T04:36:52.355038
993f0a45-f08e-4a81-ad73-10f89b61b4ea,f48f0969-1619-47b6-8fee-cbebc7dd08ed,5f916a45-3f2e-43cf-826a-440938f47ea0,4,2026-03-10T10:05:36.805941
be49ffb3-2ee6-4271-acde-0060151678e7,6fe245ee-9a94-47c2-adce-dc320e6a1f6e,e2a3b899-9da3-4a4d-9308-5b52863efe9f,4,2026-03-10T21:14:26.551306
3e451605-a370-42b5-a651-701a90c9d870,a5e4b992-99ae-4cc9-977e-5d2027f561f6,30f7f89d-4856-4c66-b60b-0f14ac9d16ff,3,2026-03-10T05:35:18.516718
1ebe2dfa-942c-40db-96b4-bbd046bbc5ac,4157ab52-a1a2-4222-b6b3-342c6e20e88a,d812f1a7-729c-43e0-9477-3bcf041a833b,5,2026-03-10T14:08:18.633819
aba492e3-5e89-4038-95e6-4a3e640717bc,1b026159-58e2-4928-ac39-cc3b37953da1,03b02de6-3665-4678-9f05-41555d3a2dd6,1,2026-03-10T06:34:53.904887
2df714ea-32d3-4349-9ae2-1465abb4f9b6,f7ad4ab7-dd8c-4ea2-b582-1915ceae1c75,700fe5ef-5cac-4dfb-881d-4146c0d418a1,2,2026-03-10T10:02:48.566190
2937f3b1-b148-4618-86e7-e01e2a85973e,81ce65f6-be2e-4f32-9240-bd5528a49050,369a0f97-5728-4627-abce-0888f548da74,2,2026-03-10T18:29:23.215499
5c5a626c-a6ac-4be2-87a5-ccdfb2a3446f,067f26c0-591d-41b6-b549-aeba85b13bff,7ae92426-a36f-447b-9d08-e581bf2ebca1,3,2026-03-10T17:22:13.621381
394d7a2e-8479-43a6-b69e-b20e77650e8a,cf3e15cd-b40b-4826-bc1a-1ef3ef4c502a,a83a115f-7a4f-4965-ba4f-9aa00349fde4,3,2026-03-10T15:00:54.060747
2f0bdf28-8fcd-4d8c-9795-0ab0cd8fe989,c1f441c1-905d-4fa7-ad5e-f8f9a2f3a167,49875ea6-bd59-4e86-a6b3-929f152c3ff9,3,2026-03-10T20:44:43.924947
586c3fd7-9708-416a-a28f-27cce5e2f6c6,c287b283-436e-445a-b695-8b2217944071,dfae9fc8-7cc4-4e90-9cad-9dcee803e89c,1,2026-03-10T21:10:06.918399
4a781400-b4c5-4158-88ce-66940e073759,312d9215-bb38-4dd5-b7b3-3df638e2df29,08f5caea-e247-44df-aa38-ddde5f2f0eff,2,2026-03-10T02:46:13.085727
074da4b0-e728-4291-a087-f5448ec989bf,d6cbf88f-6819-486b-b2e6-651dcae32318,784edccb-188b-48e4-a073-41cbef476b67,3,2026-03-10T19:15:38.032995
ed6b45ae-1b8a-4620-805d-8c6923a13fdd,c818a598-26ad-40c9-a2e0-0dca3f24cd29,3fd4b46c-618d-4832-85e7-964f6b859259,5,2026-03-10T13:01:21.389334
d32df33e-6c9c-4170-ad9c-cc473a661c77,b83241a5-e579-4215-b98c-d63e081873e9,6e15b4c5-c005-4003-90c9-d200cfd34124,4,2026-03-10T13:13:13.060896
8cd3e1ac-ef0f-410c-8538-cb6607302845,73654a8b-b218-4d1a-ab89-5ab2919af464,a622504c-a554-4dbc-9757-7315c321ba81,3,2026-03-10T22:37:39.821704
dd8e9480-3fb0-41c0-993d-b8a4451d59c9,82b7ef0e-d8c4-4752-9586-24011ffda14c,759a0c7d-6d43-4452-9739-6af43e3bbdeb,4,2026-03-10T17:52:51.022951
114d8b1c-9ca3-4268-b625-ef625e4456ea,b2002ede-1ece-4665-a654-3659123693ed,172105d9-a8e2-4306-a7a3-1b1b778b1626,5,2026-03-10T23:55:23.185181
ed7db42c-666f-40f1-926a-30084e854dc2,ba227256-997f-4ada-bc3b-59d4246ca4c5,d812f1a7-729c-43e0-9477-3bcf041a833b,1,2026-03-10T02:36:58.317808
8e05ac7d-3f42-4e6d-a7f5-98850ec179a5,926c7b58-7a0e-4cdc-a98d-5c778c55739e,a622504c-a554-4dbc-9757-7315c321ba81,4,2026-03-10T08:13:26.795284
f7786f0c-f422-49e1-8d8d-a63574e3ca8a,9fbdfec5-768e-4a18-b289-3a85779da7d6,7d077a66-3352-4281-9561-fad697684066,3,2026-03-10T05:21:50.771282
6dc038ac-7a6d-4da9-9c1e-9f86c81bd328,57d0bd06-8f64-4f30-b81c-109daeb7dfa5,f52df69c-f44c-446c-a2d1-b5f2d24b8be2,5,2026-03-10T07:54:12.738709
0c94f1fa-8dd9-4165-8dd3-cc2875617f4d,0a5686c7-3dc2-4242-b14a-62afe6428681,e10fef69-2bdd-4288-8fdb-a176b31c3d44,5,2026-03-10T03:33:15.097596
a7bc5692-7bf2-4e2f-97d5-4417c1b8c478,f3fb59e1-e7ee-41e8-b1b6-90823c271966,5cd77caa-7e35-4373-aa09-95ba266060bb,3,2026-03-10T08:37:04.166208
7ebddf0d-a3ef-43d1-a8ac-340b27780d7c,9fbdfec5-768e-4a18-b289-3a85779da7d6,922f7a99-f1d4-4684-bbb5-227a4c189994,5,2026-03-10T06:45:53.026005
d3e2e5b6-1dd4-408e-b1e2-a0bcaf85c01f,8ff5ec79-1754-4490-b175-280f647e7c83,c4f29004-e74b-408f-a322-3daa1aad2190,3,2026-03-10T08:05:25.349329
aa44d5ee-3162-4866-8f5c-d6e2c000cbb3,376ae2fa-2609-4771-a76f-e772a7001f81,6a9fd353-e673-4c32-95f5-fbfc2803d69e,5,2026-03-10T15:00:16.006058
653d1230-142a-46a2-93eb-1bdee63fea35,a5e4b992-99ae-4cc9-977e-5d2027f561f6,6c699e51-3f10-43f7-9bc5-af366906ca21,1,2026-03-10T17:41:02.162437
2df90c88-5ce6-419e-81e0-d58690f32061,155f35d9-1822-4fcd-b5d6-47e8a9416b07,94991ebc-536e-47ce-90c9-80ce4f2827db,2,2026-03-10T13:08:22.653784
a76f53ae-dcb3-4e14-9641-232110d85de5,ae1e9f91-ef2a-4b83-9450-c56990879736,1b6b995a-c894-4053-957b-9a72b39ae260,4,2026-03-10T05:28:17.249563
b83e8619-c466-4296-9d91-40762d986622,c2e22a72-e623-42d2-bb7b-69d96716359a,90bfe612-b90f-4798-a2c6-f47cc40e848e,2,2026-03-10T16:31:07.055684
4ad5c52e-8f27-4916-b991-7f9f3ac85671,5f8e9d0f-1262-41fd-822a-ef6dfa2dc151,97cc4c0a-32ed-4917-b794-578c571c54c1,5,2026-03-10T20:00:17.255466
0e34f7ae-535c-4b2f-82e1-0697547ecc45,cf3e15cd-b40b-4826-bc1a-1ef3ef4c502a,ef77722a-ddc0-4074-9c9c-a6d70e04855e,1,2026-03-10T00:07:10.294269
d5765e04-6f83-4060-98d8-b5b232f0138d,0a5686c7-3dc2-4242-b14a-62afe6428681,e33a8b64-378e-4529-b21a-fb469cc105e1,3,2026-03-10T02:53:38.162292
6430bbe0-94a3-43e3-8d5c-7ecb13e5e022,2ba9b88a-0a3e-4710-8f36-c0c5e3d78c70,90c47ba6-3e82-403c-9460-ab93233d0ee1,3,2026-03-10T13:40:04.429317
e4e2048b-486b-4e47-8088-2b925b74695a,5f8e9d0f-1262-41fd-822a-ef6dfa2dc151,6a0849eb-51f5-4442-a8b7-f69075d3086c,2,2026-03-10T14:29:54.509507
4b5f51c4-deea-444e-b309-a7cfeb432a7a,e2cb125c-ec39-4578-99a0-d626b4f2ddab,7dc69be1-1091-4421-aaa3-d8fa554027df,4,2026-03-10T00:51:17.271940
43db8777-99e8-41bb-9a9b-a34adbd7fc8d,d2197cfb-5c8f-4963-b243-f64f6f1a9ce4,3e289a04-c44c-4fc0-8892-4f733869f141,5,2026-03-10T05:45:50.615918
ab7d5f40-2d8b-4d94-8c4c-cd7bd4386f44,08aaea15-177f-4a9a-ae3e-9e72628f1a2c,e0a3c6dd-79c7-4a12-8247-4e4512189a7b,4,2026-03-10T23:10:39.908700
9ddcfd2d-6fee-4884-836f-5bfdba5ec59f,ae1e9f91-ef2a-4b83-9450-c56990879736,0ecbcee2-f449-4eb1-ade8-556e31bf7b33,5,2026-03-10T17:41:08.925804
8ec048b2-f2d7-4b6f-8df9-18a2e24a6115,87498145-b9a9-43f2-9180-8668f5148c9b,918995b1-008e-4cbd-84af-34d031f82f5e,1,2026-03-10T22:48:03.105151
29904969-8836-49b4-bd73-fd5ec8283ae7,109083df-e0c9-48e8-951a-a736441c896c,8f07c7f3-d8f7-4203-b6be-d6e943361c7d,1,2026-03-10T03:08:26.177466
